"ID,Title,Status,Description,Acceptance Criteria,Technical Details,Priority,Estimate Hours,Phase,Milestone,Labels,Module,Language,Assigned To,Dependencies,Start Date,Due Date,Related Files"
"T001,ConfigManager 多源加载支持,Todo,实现ConfigManager的多源配置加载功能，包括文件配置、环境变量支持，并添加配置合并逻辑。支持配置热重载和验证机制。,1. 支持从JSON/YAML文件加载配置\n2. 支持环境变量覆盖配置\n3. 实现配置优先级合并逻辑\n4. 添加配置热重载支持\n5. 配置验证和错误处理,相关文件: foundation/config/ConfigManager.cpp, ConfigManager.hpp\n架构: 单例模式\n依赖: ConfigNode 已完成\n测试: 单元测试覆盖,P0,8,Phase 1,Week 1 - 基础框架,enhancement|priority:P0|language:cpp|module:foundation,Foundation,C++,未分配,无,2024-01-15,2024-01-19,foundation/config/ConfigManager.cpp;foundation/config/ConfigManager.hpp;foundation/config/ConfigValidator.cpp"
"T002,日志系统基础架构,Todo,设计并实现日志系统的基础架构，包括Logger接口、日志级别控制和基础日志输出。支持结构化日志和性能监控。,1. 设计Logger基类接口\n2. 实现多级别日志控制（TRACE|DEBUG|INFO|WARN|ERROR|FATAL）\n3. 完成基础控制台日志输出\n4. 支持结构化日志格式\n5. 线程安全设计,相关文件: foundation/logging/Logger.cpp, Logger.hpp, LogAppender.hpp\n架构: 观察者模式\n性能: 低延迟日志输出\n线程: 线程安全设计,P0,12,Phase 1,Week 1 - 基础框架,feature|priority:P0|language:cpp|module:foundation,Foundation,C++,未分配,T001,2024-01-16,2024-01-22,foundation/logging/Logger.cpp;foundation/logging/Logger.hpp;foundation/logging/LogAppender.hpp"
"T003,事件总线系统设计,Todo,设计事件总线系统，支持同步/异步事件分发，事件优先级管理，和跨模块通信机制。,1. 设计EventBus基类接口\n2. 实现同步/异步事件分发\n3. 事件优先级管理\n4. 事件过滤和转换\n5. 性能监控和统计,相关文件: foundation/events/EventBus.cpp, EventDispatcher.hpp\n架构: 发布-订阅模式\n性能: 支持高频率事件\n内存: 对象池优化,P1,10,Phase 1,Week 1 - 基础框架,feature|priority:P1|language:cpp|module:foundation,Foundation,C++,未分配,T001,2024-01-18,2024-01-24,foundation/events/EventBus.cpp;foundation/events/EventDispatcher.hpp;foundation/events/EventHandler.hpp"
"T004,StringUtils 功能完善,Todo,完善StringUtils工具类，添加常用字符串处理函数，性能优化和Unicode支持。,1. 添加字符串分割优化（已部分完成）\n2. 实现字符串编码转换\n3. 添加正则表达式支持\n4. 性能优化和基准测试\n5. Unicode和UTF-8支持,相关文件: foundation/utils/StringUtils.cpp\n优化: 使用SSE/AVX指令集\n内存: 减少临时对象创建\n测试: 边界条件测试,P2,6,Phase 1,Week 1 - 基础框架,enhancement|priority:P2|language:cpp|module:foundation,Foundation,C++,未分配,T001,2024-01-20,2024-01-25,foundation/utils/StringUtils.cpp;foundation/utils/StringUtils.hpp"
"T005,ThreadPool 线程池实现,Todo,实现高性能线程池，支持任务队列、优先级调度、线程复用和优雅关闭。,1. 实现基础线程池架构\n2. 任务队列和优先级调度\n3. 线程复用和负载均衡\n4. 优雅关闭和资源清理\n5. 性能监控和调优,相关文件: foundation/utils/ThreadPool.cpp\n架构: 工作线程模式\n并发: 无锁队列优化\n监控: 线程状态监控,P1,8,Phase 1,Week 1 - 基础框架,feature|priority:P1|language:cpp|module:foundation,Foundation,C++,未分配,T002,2024-01-22,2024-01-26,foundation/utils/ThreadPool.cpp;foundation/utils/ThreadPool.hpp"
"T006,DataSource 抽象接口设计,Todo,定义数据源的通用抽象接口，包括数据获取方法、错误处理机制和连接管理。,1. 定义IDataSource抽象基类\n2. 设计统一的数据获取接口\n3. 实现错误处理和异常机制\n4. 连接池和资源管理\n5. 创建示例数据源实现,相关文件: dataservice/core/DataSource.hpp, IDataSource.cpp\n架构: 工厂模式\n扩展: 插件式数据源\n错误: 重试机制,P0,8,Phase 1,Week 2 - 数据服务核心,feature|priority:P0|language:cpp|module:dataservice,DataService,C++,未分配,T002,2024-01-25,2024-01-29,dataservice/core/DataSource.hpp;dataservice/core/IDataSource.cpp"
"T007,FileDataSource 文件数据源,Todo,实现文件数据源，支持CSV、JSON格式的股票数据文件读取和解析。,1. 支持CSV格式数据读取\n2. 支持JSON格式数据解析\n3. 数据验证和清洗\n4. 增量数据加载\n5. 性能优化和大文件支持,相关文件: dataservice/sources/FileDataSource.cpp\n格式: CSV/JSON解析\n性能: 内存映射文件\n缓存: 数据预读取,P1,10,Phase 1,Week 2 - 数据服务核心,feature|priority:P1|language:cpp|module:dataservice,DataService,C++,未分配,T006,2024-01-26,2024-01-30,dataservice/sources/FileDataSource.cpp;dataservice/sources/FileDataSource.hpp"
"T008,TickData 数据结构定义,Todo,定义Tick数据的基础数据结构，包括时间戳、价格、成交量等核心字段。,1. 定义TickData结构体\n2. 内存对齐优化\n3. 序列化/反序列化支持\n4. 比较运算符重载\n5. 性能基准测试,相关文件: dataservice/market/TickData.hpp\n内存: 紧凑内存布局\n序列化: Protobuf/FlatBuffers\n性能: 缓存友好设计,P0,6,Phase 1,Week 2 - 数据服务核心,feature|priority:P0|language:cpp|module:dataservice,DataService,C++,未分配,T006,2024-01-27,2024-01-31,dataservice/market/TickData.hpp;dataservice/market/TickData.cpp"
"T009,KLine K线结构定义,Todo,定义K线数据结构，支持不同时间周期，包含OHLCV等核心数据。,1. 定义KLine结构体\n2. 支持多种时间周期（1min|5min|1day等）\n3. OHLCV数据字段\n4. 技术指标预计算\n5. 内存池优化,相关文件: dataservice/market/KLine.hpp\n周期: 多时间周期支持\n计算: 指标预计算\n优化: 内存池分配,P1,8,Phase 1,Week 2 - 数据服务核心,feature|priority:P1|language:cpp|module:dataservice,DataService,C++,未分配,T008,2024-01-28,2024-02-01,dataservice/market/KLine.hpp;dataservice/market/KLine.cpp"
"T010,Python 数据访问API,Todo,实现Python数据访问接口，通过pybind11暴露C++数据源功能给Python使用。,1. pybind11集成配置\n2. 数据访问Python接口\n3. 类型转换和内存管理\n4. 异常处理机制\n5. 示例代码和文档,相关文件: dataservice/python/data_api.py, data_binding.cpp\n绑定: pybind11配置\n内存: 引用计数管理\n文档: API文档生成,P1,12,Phase 1,Week 2 - 数据服务核心,feature|priority:P1|language:python|module:dataservice,DataService,Python,未分配,T006,2024-01-29,2024-02-02,dataservice/python/data_api.py;dataservice/bindings/data_binding.cpp"
"T011,FactorEngine 因子计算引擎,Todo,实现因子计算引擎，支持并行计算、缓存优化和增量更新。,1. 因子计算引擎架构设计\n2. 并行计算支持\n3. 计算结果缓存\n4. 增量计算优化\n5. 性能监控和调优,相关文件: stockselection/core/FactorEngine.cpp\n并发: 线程池集成\n缓存: LRU缓存策略\n监控: 计算时间统计,P0,16,Phase 2,Week 5 - 选股引擎基础,feature|priority:P0|language:cpp|module:stockselection,StockSelection,C++,未分配,T006,2024-02-05,2024-02-12,stockselection/core/FactorEngine.cpp;stockselection/core/FactorEngine.hpp"
"T012,TechnicalFactor 技术因子基类,Todo,实现技术因子基类，提供通用的技术指标计算框架。,1. 技术因子基类设计\n2. 数据窗口管理\n3. 计算上下文维护\n4. 依赖关系管理\n5. 单元测试覆盖,相关文件: stockselection/factors/TechnicalFactor.cpp\n架构: 模板方法模式\n数据: 滑动窗口管理\n测试: 技术指标验证,P1,10,Phase 2,Week 5 - 选股引擎基础,feature|priority:P1|language:cpp|module:stockselection,StockSelection,C++,未分配,T011,2024-02-06,2024-02-13,stockselection/factors/TechnicalFactor.cpp;stockselection/factors/TechnicalFactor.hpp"
"T013,MAFactor 移动平均因子,Todo,实现移动平均因子，包括简单移动平均(SMA)和指数移动平均(EMA)。,1. 简单移动平均(SMA)实现\n2. 指数移动平均(EMA)实现\n3. 多周期支持\n4. 性能优化\n5. 准确性验证,相关文件: stockselection/factors/MAFactor.cpp\n算法: 增量计算优化\n精度: 浮点数误差控制\n测试: 对比验证,P1,6,Phase 2,Week 5 - 选股引擎基础,feature|priority:P1|language:cpp|module:stockselection,StockSelection,C++,未分配,T012,2024-02-07,2024-02-14,stockselection/factors/MAFactor.cpp;stockselection/factors/MAFactor.hpp"
"T014,RSIFactor RSI因子实现,Todo,实现相对强弱指数(RSI)因子，包括标准RSI和多种参数变体。,1. 标准RSI(14日)实现\n2. 多周期RSI支持\n3. RSI衍生指标\n4. 超买超卖信号\n5. 性能优化,相关文件: stockselection/factors/RSIFactor.cpp\n算法: RSI计算公式\n优化: 避免重复计算\n信号: 阈值检测,P2,8,Phase 2,Week 5 - 选股引擎基础,feature|priority:P2|language:cpp|module:stockselection,StockSelection,C++,未分配,T012,2024-02-08,2024-02-15,stockselection/factors/RSIFactor.cpp;stockselection/factors/RSIFactor.hpp"
"T015,StockPool 股票池管理,Todo,实现股票池管理系统，支持动态股票池维护和查询优化。,1. 股票池数据结构设计\n2. 动态增删改查\n3. 查询性能优化\n4. 池间操作支持\n5. 内存管理优化,相关文件: stockselection/core/StockPool.cpp\n数据结构: 哈希索引\n查询: 批量查询优化\n内存: 对象池管理,P1,10,Phase 2,Week 5 - 选股引擎基础,feature|priority:P1|language:cpp|module:stockselection,StockSelection,C++,未分配,T011,2024-02-09,2024-02-16,stockselection/core/StockPool.cpp;stockselection/core/StockPool.hpp"
"T016,Python 策略基类设计,Todo,设计Python策略基类，提供统一的策略开发接口和生命周期管理。,1. 策略基类接口设计\n2. 生命周期管理\n3. 参数配置系统\n4. 信号生成接口\n5. 回测集成接口,相关文件: stockselection/python/strategy_base.py\n架构: 模板模式\n配置: 参数验证\n事件: 事件驱动设计,P0,10,Phase 2,Week 5 - 选股引擎基础,feature|priority:P0|language:python|module:stockselection,StockSelection,Python,未分配,T010,2024-02-10,2024-02-17,stockselection/python/strategy_base.py;stockselection/python/strategy_utils.py"
"T017,RiskEngine 风险引擎设计,Todo,设计风险引擎核心架构，支持实时风险计算和预警触发。,1. 风险引擎架构设计\n2. 实时风险计算\n3. 预警触发机制\n4. 风险数据聚合\n5. 性能监控,相关文件: riskmonitor/core/RiskEngine.cpp\n架构: 流式计算\n实时: 低延迟处理\n聚合: 时间窗口聚合,P0,14,Phase 2,Week 7 - 风险监控核心,feature|priority:P0|language:cpp|module:riskmonitor,RiskMonitor,C++,未分配,T011,2024-02-19,2024-02-26,riskmonitor/core/RiskEngine.cpp;riskmonitor/core/RiskEngine.hpp"
"T018,AlertSystem 预警系统,Todo,实现预警系统，支持多级别预警、通知渠道和预警历史管理。,1. 预警级别定义\n2. 多通道通知\n3. 预警历史存储\n4. 重复预警抑制\n5. 确认和处理流程,相关文件: riskmonitor/core/AlertSystem.cpp\n级别: 多级预警体系\n通知: 邮件/短信/微信\n存储: 预警数据库,P1,12,Phase 2,Week 7 - 风险监控核心,feature|priority:P1|language:cpp|module:riskmonitor,RiskMonitor,C++,未分配,T017,2024-02-20,2024-02-27,riskmonitor/core/AlertSystem.cpp;riskmonitor/core/AlertSystem.hpp"
"T019,HighPositionMonitor 高位股监控,Todo,实现高位股监控系统，检测价格、估值、交易热度等多维度高位信号。,1. 价格高位检测\n2. 估值高位分析\n3. 交易热度监控\n4. 综合风险评分\n5. 历史对比分析,相关文件: riskmonitor/monitors/HighPositionMonitor.cpp\n检测: 多维度指标\n评分: 加权综合评分\n历史: 分位数分析,P0,16,Phase 2,Week 7 - 风险监控核心,feature|priority:P0|language:cpp|module:riskmonitor,RiskMonitor,C++,未分配,T017,2024-02-21,2024-02-28,riskmonitor/monitors/HighPositionMonitor.cpp;riskmonitor/monitors/HighPositionMonitor.hpp"
"T020,PriceAnomalyMonitor 价格异动监控,Todo,实现价格异动监控，检测异常涨跌幅、振幅和日内反转等信号。,1. 涨跌幅异常检测\n2. 振幅异常监控\n3. 日内反转识别\n4. 跳空缺口检测\n5. 异常模式识别,相关文件: riskmonitor/monitors/PriceAnomalyMonitor.cpp\n算法: 统计异常检测\n模式: 技术形态识别\n实时: 逐笔数据监控,P1,12,Phase 2,Week 7 - 风险监控核心,feature|priority:P1|language:cpp|module:riskmonitor,RiskMonitor,C++,未分配,T017,2024-02-22,2024-02-29,riskmonitor/monitors/PriceAnomalyMonitor.cpp;riskmonitor/monitors/PriceAnomalyMonitor.hpp"
"T021,Python 规则引擎设计,Todo,设计Python规则引擎，支持灵活的风险规则定义和动态加载。,1. 规则DSL设计\n2. 规则编译和执行\n3. 动态规则加载\n4. 规则调试工具\n5. 性能优化,相关文件: riskmonitor/python/rule_engine.py\nDSL: 自定义规则语言\n编译: JIT编译优化\n调试: 规则调试器,P1,14,Phase 2,Week 7 - 风险监控核心,feature|priority:P1|language:python|module:riskmonitor,RiskMonitor,Python,未分配,T016,2024-02-23,2024-03-01,riskmonitor/python/rule_engine.py;riskmonitor/python/rule_parser.py"
"T022,OrderManager 订单管理器,Todo,实现订单管理器，支持订单创建、修改、撤销和状态跟踪。,1. 订单数据结构\n2. 订单生命周期管理\n3. 订单状态机\n4. 订单持久化\n5. 订单查询优化,相关文件: trading/order/OrderManager.cpp\n状态: 完整状态机\n持久化: 数据库存储\n查询: 索引优化,P0,18,Phase 3,Week 9 - 交易引擎基础,feature|priority:P0|language:cpp|module:trading,TradingEngine,C++,未分配,T017,2024-03-04,2024-03-11,trading/order/OrderManager.cpp;trading/order/OrderManager.hpp"
"T023,Order 订单数据结构,Todo,定义订单核心数据结构，包括订单类型、状态、价格等所有必要字段。,1. 订单结构体定义\n2. 订单类型枚举\n3. 订单状态枚举\n4. 序列化支持\n5. 内存优化,相关文件: trading/order/Order.hpp\n类型: 市价单|限价单|条件单\n状态: 新建|已报|已成|已撤\n优化: 内存对齐,P0,8,Phase 3,Week 9 - 交易引擎基础,feature|priority:P0|language:cpp|module:trading,TradingEngine,C++,未分配,T022,2024-03-05,2024-03-12,trading/order/Order.hpp;trading/order/Order.cpp"
"T024,AlgoEngine 算法交易引擎,Todo,实现算法交易引擎，支持TWAP、VWAP等常见算法交易策略。,1. TWAP算法实现\n2. VWAP算法实现\n3. 冲击成本模型\n4. 执行优化策略\n5. 算法参数调优,相关文件: trading/execution/AlgoEngine.cpp\n算法: TWAP/VWAP实现\n成本: 冲击成本计算\n优化: 动态参数调整,P1,20,Phase 3,Week 9 - 交易引擎基础,feature|priority:P1|language:cpp|module:trading,TradingEngine,C++,未分配,T022,2024-03-06,2024-03-13,trading/execution/AlgoEngine.cpp;trading/execution/AlgoEngine.hpp"
"T025,PositionTracker 仓位跟踪器,Todo,实现仓位跟踪系统，实时计算持仓、浮动盈亏和风险敞口。,1. 实时仓位计算\n2. 浮动盈亏计算\n3. 成本价格计算\n4. 风险敞口分析\n5. 仓位变化历史,相关文件: trading/position/PositionTracker.cpp\n实时: 低延迟更新\n计算: 分批成本法\n分析: 风险指标计算,P1,14,Phase 3,Week 9 - 交易引擎基础,feature|priority:P1|language:cpp|module:trading,TradingEngine,C++,未分配,T022,2024-03-07,2024-03-14,trading/position/PositionTracker.cpp;trading/position/PositionTracker.hpp"
"T026,BacktestCore 回测核心引擎,Todo,实现回测核心引擎，支持事件驱动回测和性能优化。,1. 事件驱动回测架构\n2. 历史数据回放\n3. 交易成本模型\n4. 性能优化\n5. 内存管理,相关文件: backtest/core/BacktestCore.cpp\n架构: 事件队列\n回放: 时间序列回放\n成本: 佣金/滑点模型,P0,20,Phase 3,Week 11 - 回测系统,feature|priority:P0|language:cpp|module:backtest,Backtest,C++,未分配,T022,2024-03-18,2024-03-25,backtest/core/BacktestCore.cpp;backtest/core/BacktestCore.hpp"
"T027,Python 回测引擎接口,Todo,实现Python回测引擎接口，提供友好的策略回测开发环境。,1. Python回测API设计\n2. 策略接口封装\n3. 数据访问接口\n4. 绩效分析接口\n5. 可视化支持,相关文件: backtest/python/backtest_engine.py\nAPI: 简洁易用\n性能: C++加速\n可视化: 结果图表,P0,16,Phase 3,Week 11 - 回测系统,feature|priority:P0|language:python|module:backtest,Backtest,Python,未分配,T026,2024-03-19,2024-03-26,backtest/python/backtest_engine.py;backtest/python/backtest_api.py"
"T028,绩效分析计算器,Todo,实现绩效分析计算器，计算收益率、风险指标等关键绩效指标。,1. 收益率指标计算\n2. 风险指标计算\n3. 风险调整收益\n4. 基准比较分析\n5. 归因分析基础,相关文件: backtest/python/performance.py\n指标: 夏普比率|最大回撤\n分析: 时间序列分析\n比较: 基准对比,P1,12,Phase 3,Week 11 - 回测系统,feature|priority:P1|language:python|module:backtest,Backtest,Python,未分配,T027,2024-03-20,2024-03-27,backtest/python/performance.py;backtest/python/metrics.py"
"T029,DashboardBackend C++后端,Todo,实现Dashboard的C++后端，提供数据接口和业务逻辑。,1. C++后端架构设计\n2. 数据提供接口\n3. 业务逻辑封装\n4. QML桥接设计\n5. 性能优化,相关文件: dashboard/backend/DashboardBackend.cpp\n架构: MVC模式\n桥接: QML属性绑定\n性能: 异步数据加载,P0,16,Phase 4,Week 13 - 可视化界面,feature|priority:P0|language:cpp|module:dashboard,Dashboard,C++,未分配,T017,2024-04-01,2024-04-08,dashboard/backend/DashboardBackend.cpp;dashboard/backend/DashboardBackend.hpp"
"T030,MainWindow.qml 主窗口设计,Todo,设计主窗口QML界面，包括菜单、工具栏和主视图区域。,1. 主窗口布局设计\n2. 菜单系统实现\n3. 工具栏设计\n4. 状态栏显示\n5. 响应式布局,相关文件: dashboard/qml/MainWindow.qml\n布局: 自适应布局\n主题: 暗色/亮色主题\n响应: 多分辨率支持,P1,10,Phase 4,Week 13 - 可视化界面,feature|priority:P1|language:qml|module:dashboard,Dashboard,QML,未分配,T029,2024-04-02,2024-04-09,dashboard/qml/MainWindow.qml;dashboard/qml/MainWindowStyle.qml"
